case,q,n,payload_bits,designs,frontier,pair_only_frontier,generation_cpu_s,check_cpu_s,max_peak_rss_kib
B01,2,2,1,48,"(1,5)","(0,5)",0.000713081999999976,0.0009731490000000065,93480
B02,2,3,2,6144,"(1,10)","(0,10)",0.29197583800000004,0.7118424810000001,105772
B03,2,3,2,6144,"(1,10)","(1,10)",0.36319226700000007,0.72370362,106292
B04,2,3,2,6144,"(2,10)","(2,10)",0.327570746,0.697746999,106536
B05,2,3,1,128,"(0,8);(1,6)","(0,6)",0.003761970999999975,0.008519564999999951,93732
B06,2,3,1,1280,"(0,9);(1,6)","(0,6)",0.010761142000000001,0.017512954000000025,93868
B07,2,2,1,8,"(1,5)","(0,5)",0.0003237619999999497,0.00046854800000001307,93352
B08,2,3,1,384,"(1,7)","(0,7)",0.00776391999999998,0.012733168000000017,93736
T01,3,1,1,12,"(1,5)","(1,5)",0.0003382029999999814,0.00048397000000000023,93352
T02,3,2,2,24576,"(2,12)","(1,12)",1.752692508,4.564493382,146328
T03,3,2,1,768,"(1,7)","(0,7)",0.02228434800000001,0.053090553999999957,94120
T04,3,2,1,256,"(1,7)","(0,7)",0.01128106599999995,0.031077650000000068,93868
T05,3,1,1,4,"(1,5)","(1,5)",0.00021494999999999154,0.00034541500000001557,93352
T06,3,2,1,256,"(1,7)","(1,7)",0.011405681,0.03141917799999999,93864
T07,3,2,1,1536,"(1,8)","(0,8)",0.026522837999999993,0.06358262499999995,94244
T08,3,2,1,768,"(1,7)","(1,7)",0.01979336899999995,0.04725454500000004,94120
